,,,,,,,,,,,,
Type,Aircraft,Aircraft ID,Nation,Commander,Take off Base ,Target ,Date of Mission,Take off Time,Reason for Crash ,Latitude,Longitude ,Location
Crash,P-51 Mustang,F-6D 44-14,USA,lt.charles Garner,Biak Island,Wama Airfield,4/12/1944,3:00 PM,"Bad weather and 
low fuel",1.7261,128.3408,20 miles south of Morotai Island
Crash,P-51 Mustang,"P-51D ""Madam Wham-Dam"" 44-72607",USA,Lt.Col Harvey J Scandrett,North Field (APO 86) (Iwo Jima),Osaka,01-06-1945,7:20 AM,Bad Weather ,31,137,Approx 340 km south of Osaka (last radio contact)
Crash,P-51 Mustang,P-51D 44-73369,USA,Lt. Paul Ewalt,North Field (APO 86) (Iwo Jima),Kumagaya,03-08-1945,NA,Anti Aircraft Fire,35.3,139.3,Crashed Near Oiso
Crash,B-17E,B-17E 41-2435,USA,1st Lt William H. Watson,7 Mile Drome (Port Moresby),Australia,02-08-1942,NA,Japanese Zero,-8.0489,148.1339,"Shot by Japanese zeros, crashed near Mitre rock, cape ward Hunt"
Crash,Curtiss SBC2,SB2C-3 19422,USA,Commander Mark Eslick Jr,USS Intrepid (CV-11),"(Kiirun Harbor, Keelung Harbor)
North Taiwan",12-10-1944,6:16 AM,Unknown,25.1558,121.7544,Crashed near Keelung Harbour Tiwan
Crash,B-17F,"B-17F ""Listen Here Tojo"" 41-24552",USA, 1st Lt. Howard G. Eberly,7 Mile Drome (Port Moresby),Lae(Papua New Guniea),15-09-1943,NA,Bad Weather ,−7.2700,146,Approx 10-12 miles left of Wau 
Crash,B-17F,B-17F 41-24538,USA,"Captain Jean A. Jack,",7 Mile Drome (Port Moresby),Lakunai Airfield (Near Rabaul),05-01-1943,NA,Japanese Zero,−9.2161,150.8642,"Crash 200 Yards off the coast of Urasi Island (Direction unknown, 
so assumed as per convinience)"
Crash,B-17F,"B-17F ""Fightin Swede"" 41-24520 ",USA,Captain Robert N. Keatts,7 Mile Drome (Port Moresby),Madang and Saidor,08-05-1943,6:40 AM,"Japanese Aircraft 
(Type 1 Fighter)",-4.5,145.8,Near Mandang
Crash,B-17F,"B-17F ""Reckless Mountain Boys"" 41-24518",USA,"Captain Byron L. ""Dutch"" Heichel",7 Mile Drome (Port Moresby),Kavieng ,07-05-1943,Morning,"Japanese Aircraft
(Zero)",-3.5378,152.2253,50 Yards near Komalu
Crash,B-17F,"B-17F ""Georgia Peach"" 41-24454 ",USA,1st Lt. John M. Woodard,7 Mile Drome (Port Moresby),"Vunakanau Airfield (Near
Rabaul)",13-06-1943,NA,"Japanese Aircraft(
J1N1 Irving night fighter )",-4.9444,151.5769,Crashsite Northeast of Sule (Coordinates Assumed)
Crash,B-17F Dumbo,"B-17F ""Dumbo"" 41-24429",USA,1st Lt Lewis A. Anderson,7 Mile Drome (Port Moresby),Buna,03-12-1942,11:25 PM,Bad Weather ,-6.6667,147.6833,8-10 Miles SW of Finschafen 
Crash, B-24 Liberator,"""Baby Sandy 2"" Serial Number 42-73013  ",USA,"1st Lt. Ivan M. Osborne,",Tarawa Airfield (Hawkins),  Taroa Airfield (Maloelap Atoll),29-12-1943,NA,"Japanese Aircraft
(Zero)",7.19928,171.0523,west reef between Majuro Island and Ajola Island
Crash,B-25 Mitchell,41-30613,USA,F/O John Alexander Johnston,"Mullinix Airfield, Bonriki Island ","Mili Airfield, mili island",19-1-1944,NA,Anti Aircraft Gun Fire,6.088611,171.749722,eastern side of Milli Island
Crash,F6F Hellcat,NIL,USA,NIL,NIL,NIL,NIL,NIL,NIL,–8.153611,156.943333,East of Fergusson Bay
Crash,F6F Hellcat," ""Betsy-II""  25839",USA,"Lt(jg) Richard ""Dick"" W. Moore",Munda Airfield,Ballale Island,16-09-1943,1:15 PM,Fire from Friendly Aircraft,–8.141111,157.076111,Blackett Strait (Quomu Island --- not found)
Crash,F6F Hellcat,25853,USA,Lt(jg) Frank E. Schneider,"Ondonga Airfield, New georgia","Tobera Airfield, Rabaul",09-01-1944,NA,NIL,–4.432778,152.398611,East of Kabanga Bay
Crash,B-25 Mitchell,Sorry Satchul 41-30056,USA,1st Lt. Harlan H. Peterson,Dobodura Airfield,Rabaul,18-10-1944,NA,Enemy Aircraft,-4.706803,152.646231,Middle of St George's channel (source : traces of war)
Crash,F4U-1A Corsair,"
  F4U-1A Corsair NZ5207  ",USA, Squadron Leader John C. Blundell,"Torokina Airfield, Bougainville ","Petrol from Cape Gazelle to 
Cape Archway",30-06-1944,NA,Anti Aircraft Fire,-4.6835,152.399488,Sumsum Bay
Crash,B-25D-25 Mitchell,B-25D-25 Mitchell 42-87320,USA,Captain Edwin M. Shanks,Stirling Airfield,Rabaul,08-03-1944,NA,Enemy Aircraft,-4.88085,152.854478,South of Cape Saint George
Crash,Bristol Beaufighter Mark VIc,A19-97  ,USA, F/L Derrick Robert Stone,Dobodura Airfield,"Tobera Airfield, Rabaul",12-10-1943,NA,NIL,-4.492896,152.327048,"Ganai, 40 KM SE of Rabaul"
Crash,B-17E Flying Fortress,41-2643  ,USA,1st Lt. Hugh S. Grundmann,7 Mile Drome (Port Moresby),Lakunai Airfield (Near Rabaul),09-08-1942,NA,Enemy Aircraft (Zero),-4.382704,152.370973,Makurapau Plantation 
Crash, F4U-1A Corsair,17915 Code 915,USA,"Major Gregory ""Pappy"" Boyington","Torokina Airfield, Bougainville ",Rabaul,03-01-1944,6:30 AM,Enemy Aircraft (Zero),-4.749755,152.614515, Saint Georges Channel
Crash,P-40N-1-CU Kittyhawk,NZ3126 Code C,USA,Sgt Bruce Nicholson,"Torokina Airfield, Bougainville ",Lakunai Airfield (Near Rabaul),05-02-1944,NA,NA,-4.809273,152.64519, Saint Georges Channel
Crash,F6F-3 Hellcat,9028,USA, Lt(jg) David A. Scott,"Ondonga Airfield, New georgia",Rabaul,24-12-1943,NA,Enemy Aircraft (Zeke),-4.846791,152.723555, Saint Georges Channel
Crash,P-38H-1-LO Lightning,42-66523 Nose 140,USA,2nd Lt. Christopher O. Bartlett,"North Borio Airfield (Dobodura No. 15)
south of Borio (Boru) in New Guinea",Rabaul,29-10-1943,NA,Enemy Aircraft (Zero),-5.3165,151.667,Bakoba Point New Britain
Crash,F4U-1D Corsair,NZ5429  ,New Zealand,FSgt Ian M. Thorburn, Nissan Airfield (Green Island),Rabaul,24-12-1944,NA,NIL,-4.342838,152.274908,Near Vunapope
Crash, P-38J-10 Lightning,42-67617,USA,1st Lt. Eark R. Heckler,Stirling Airfield,Rabaul,17-01-1944,NA,NIL,-4.284991,152.229581,Blanche Bay
Crash,P-38J-10-LO Lightning,42-67611,USA,2nd Lt. Theodore Schoettel, Stirling Airfield,Rabaul,17-01-1944,NA,NIL,-4.292554,152.231598,Blanche Bay off Rapopo
Crash,P-38H-1-LO Lightning,42-66680  ,USA,1st Lt. Gifford G. Brown,Stirling Airfield,Rabaul,17-01-1944,NA,NIL,-4.264617,152.209116,Blanche Bay
Crash,P-40N-5-CU Kittyhawk,NZ3175 Code 65,New Zealand,Flight Lieutenant John O. McFarlane,Ondonga Airfield (New Georgia),Rabaul,17-12-1943,9:00 AM,Anti Aircraft Fire,-4.25,152.231342,Praed Point
Crash,F4U-1A Corsair ,56261 Squadron Number 739,USA,"1st Lt James A. Foley, Jr.",Piva North Airfield (Piva Uncle) (Bougainville),Talili Bay  (Rabaul),31-08-1944,NA,Anti Aircraft Fire,-4.114549,152.165465, Talili Bay roughly 1 1/2 miles northwest  of Tavui Point.
Crash, TBF-1C Avenger,NZ2521  ,New Zealand, Sergeant William Alan Trolove,Piva North Airfield (Piva Uncle) (Bougainville),Rabaul,31-05-1944,NA,Anti Aircraft Fire,-4.18144,152.13073, Talili Bay 
Crash,F4U-1A Corsair,NZ5274 Code 74,New Zealand,Sgt William J. Thomson,Bougainville,Rabaul,20-06-1944,NA,Anti Aircraft Fire,-4.210673,152.125497,Talili Bay
Crash,F6F-3 Hellcat,9012,USA,Lt J. P. Knight, Nissan Airfield (Green),Gazelle Peninsula,29-04-1944,NA,Friendly fire in self defence,-4.161175,151.682737,Lassul Bay
Crash, FG-1A Corsair,13307,USA,1st Lt. Edward B. Cochran,Piva South Airfield on Bougainville,Rabaul,29-04-1944,NA,Friendly fire in self defence,-4.162257,151.679133,Lassul Bay
Crash,A6M2 Model 21 Zero, 31870 Tail 53-122,Japan, PO Kentaro Miyagoshi ,Rabaul,Turub ( West New Britain),18-01-1945,NA,Low Fuel,-4.196425,151.492818, Cape Lambert
Crash, Bristol Beaufighter Mark IXc,A19-141  ,Australia, F/Sgt Colin Esbert Wein,NA,New Britain,17-12-1944,NA,NIL,-5.498019,150.434295, Hoskins Airfield
Crash,Bristol Beaufighter Mark XI,A19-139  ,Australia,F/O Percy John Coates,NA,Bangula Bay and Ubili,25-11-1943,NA,NIL,-5.603691,150.150851,Kimbe.
Crash,Spitfire Mark Vc ,"""Nipponese"" Serial Number
 A58-145 Code UP-V",Britain,F/Lt Llewellyn Wettenhall,Kiriwina Airfield,New Britain,31-06-1943,NA,NIL,-5.561067,150.110563, Kimbe (North coast of New Britain)
Crash,Ki-46-II ,Dinah 2604,Japan,NA,NA,NA,NA,NA,NIL,-5.516855,150.083713," Numundo Plantation , Kimbe"
Crash, B-25H-5 Mitchell ,43-4513,USA,Captain Charles W. Wolfendale,Stirling Airfield,New Britain,03-09-1944,NA,Small Arms Fire,-5.315976,150.032573,"  Talasea Airfield , Willaumez Peninsula"
Crash,PV-1 Ventura ,NZ4522  ,New Zealand,Flight Lt Frederick N. R. Thomas,Piva North Airfield (Bougainville),Rabaul,09-09-1944,NA,Anti Aircraft Fire,-5.315976,150.032573, Talasea Airfield
Crash,A6M2 Model 21 Zero,8224,Japan,NA,NA,NA,NA,NA,NIL,-5.149343,150.08911,"Wangore Bay east of the Willaumez Peninsula and 
north of Kimbe Bay off Kimbe"
Crash,B-25D-1 Mitchell ,41-30318 ,USA,"1st Edward A. Murphy, Jr.",Horanda Drome (Dobodura 4),Vitu Island Group (Witu),30-10-1943,NA,Anti Aircraft Fire,-4.653557,149.41329,Genta Bay 
Crash,B-25D-1 ,"""Here's Howe"" Serial Number 41-30279",USA,1st Lt William T. Kyser,Dobodura Airfield,Cape Gloucester,26-12-1943,NA,Friendly fire in mistake,-5.518213,148.544002, Borgen Bay
Crash,P-38H-1-LO Lightning,"""Porky II"" Serial Number 42-66506 Nose A",USA," Major Edward ""Porky"" Cragg", North Borio Airfield (Dobodura No. 15),Cape Gloucester,26-12-1943,NA,Enemey Aircraft,-5.52266,148.517722,Western shore of Borgen Bay
Crash,Bristol Beaufighter Mark Ic,Serial Number A19-33 ,USA, F/O Harold Maurice Woodroffe,NA, Cape Gloucester Airfield,12-1946,NA,Anti Aircraft Fire,5.541892,148.507588, Borgen Bay
Crash,B-25D-1 Mitchell ,"""Crabb 2nd"" Serial Number 41-30517  ",USA,Lt. Col. Clinton U. True ,NA, Cape Gloucester Airfield,26-12-1943,NA,Friendly fire in mistake,-5.458364,148.537982,six miles from Silimati Point into Borgen Bay
Crash,Ki-46-II Dinah,2485 Tail Number 2,Japan,NA,Lakunai Airfield,Sag Sag,01-1944,NA,NIL,-5.581052,148.326237,Sag Sag (Western New Britain)
Crash, P-47D-2-RE Thunderbolt,Serial Number 42-8095 ,USA, 1st Lt James H. Pratt,NA, Cape Gloucester Airfield,26-12-1943,NA,NIL,-5.453296,148.055658, Sakar Island to the west of Cape Gloucester.
Crash, Ki-61-Ic Hei ,3010,Japan,NA,NA,NA,NA,NA,NIL,-5.628412,147.902655,"Umboi Island (Rooke) roughly a mile north of Barim Point, 90 yards offshore"
Crash,D3A2 Model 22 Val ,NA,Japan,NA,NA,NA,15-12-1943,NA,NIL,-6.157622,149.025609,West of Paligmete in Sea
Crash,"
  Lockheed Hudson Mark IVa",A16-126  ,Australia, F/O Graham Ian Gibson," 7 Mile Drome , Port Moresby", Gasmata Harbor ,11-02-1942,NA,"Enemy Aircraft
 (A5M4 Claudes)",-6.242458,150.330655,"Gasmata, New Britain"
Crash,Lockheed Hudson Mark IIIA, A16-165  ,Australia, F/Lt Kenneth James Erwin," 7 Mile Drome , Port Moresby", Gasmata Airfield,03-03-1942,8:30 PM,Bad Weather ,-6.291074,150.307939,Urai Island
Crash,B-25G-5 Mitchell,42-64846  ,USA, 1st Lt. Clifford A. Jaebker, 17 Mile Drome Port Moresby,"Gasmata Airfield and 
Linderhafen Plantation",22-11-1943,NA,Anti Aircraft Fire,-6.288679,150.323506,Arwin Island
Crash,Lockheed Hudson Mark IVA,A16-101,Australia,F/O Arthur Renfred Nicolay, 17 Mile Drome Port Moresby, Gasmata Airfield,03-03-1942,8:30 PM,Bad Weather,-6.277592,150.335001,Coral Reel off Gasmata
Crash,DAP Beaufort Mark VIII,A9-186  ,Australia,W/O Clement Batstone Wiggins,"Gurney Field (No. 1 Strip), Milne Bay",Gasmata Airfield ,05-09-1943,5:20 AM,Enemy Aircraft,-6.273486,150.331401,Gasmata
Crash,DAP Beaufort Mark VIII ,A9-204  ,Australia, F/O Thomas Hessey Allanson,Vivigani Airfield on Goodenough Island,Gasmata Airfield ,04-09-1943,NA,Anti Aircraft Fire,-6.265736,150.332369,Gasmata
Crash, B-24D-125-CO Liberator,42-41043 ,USA,1st Lt James J. Harris Jr, Dobodura No. 4 Airfield (Horanda 4Y),Gasmata,15-12-1943,NA,Friendly fire in mistake,-6.354621,150.335992,Solomon Sea
Crash,DAP Beaufort Mark VIII,A9-480 ,Australia,F/O Alexander Peter Potts,Vivigani Airfield on Goodenough Island ,NA,05-03-1944,NA,NA,-6.308052,150.373962,Two miles southeast of Vivigani Airfield
Crash,DAP Beaufort Mark VIII,A9-183  ,Australia,F/O Robert Barclay Anderson, Gurney Field (No. 1 Strip) near Milne Bay,Gasmata Airfield ,05-09-1943,5:20 AM,Anti Aircraft Fire,-6.209242,150.39245,Gasmata
Crash,P-38H-5-LO Lightning,42-66821  ,USA, 1st Lt. Lowell C. Lutton, Dobobura Airfield,Rabaul,02-11-1943,NA,Bad Weather,-5.449072,152.183094, Into the sea south of Wide Bay
Crash, C-47A-25-DK Dakota,A65-54 Tail VH-CUP,Australia, F/Lt. Ronald Alexander Hanrahan, Jacquinot Bay Airfield,Rabaul,15-11-1945,9:00 AM,NIL,-5.203865,151.9412,"Unnamed mountain with an elevation of 7,000' roughly 150' below the peak in the Kol Mountains
 on New Britain roughly six miles inland from Milim bordering Wide Bay."
Crash,Martin B-26 Marauder ,"""Imogene VII"" Serial Number 40-1474  ",USA,2nd Lt Harold L. Massie," 7 Mile Drome , Port Moresby",Rabaul,24-05-1942,NA,Anti Aircraft Fire,-5.029901,152.041286,A mile off shore from Wide Bay
Crash,P-38H-5-LO Lightning,42-66911 Nose 37,USA," 2nd Lt. Alphonse ""Al"" D. Quinones", Kiriwina Airfield,Rabaul,07-11-1943,NA,Enemey Aircraft,-4.911591,151.975046,South of Lemingi 
Crash,B-24J-50-CO Liberator ,42-73469  ,USA, Captain Lewis W. Haire,Munda Airfield,Tobera Airfield Rabaul,05-03-1944,NA,Anti Aircraft Fire,-4.853838,152.40992, Saint Georges Channel roughly five miles off the southeastern coast of East New Britain
Crash,B-25 Mitchell,"B-25C-1 ""Snafu (II) / Stubborn Hellion"" 
Serial Number 42-32314",USA,Captain Michael F. Hochella, Dobobura Airfield, Kavieng,15-02-1944,NA,Anti Aircraft Fire,-2.692493,150.554511,"Into the sea roughly 75 yards off Selapiu Island near 
New Hanover at roughly Lat 2.21° Long 150.37°"
Crash,Douglas A-20 Havoc,A-20G-20-DO Havoc 42-86616  ,USA,1st Lt. William T. Pearson, Nadzab Airfield ,Kavieng Harbor,15-02-1944,NA,Collateral Damage,-2.798483,150.664425,35 miles south-southwest of Kavieng
Crash,PV-1 Ventura ,NZ4613 Tail 13,New Zealand, F/O Norman H. Benton,Emirau Airfield, New Ireland,09-06-1945,NA,NIL,-3.36602,152.023998,"Crashed near Kimidan (Kimadan), inland from Lamerika on the north coast of New Ireland"
Crash,  FG-1A Corsair ,13212,USA,"1st Lt. Jesse M. Leach, Jr"," Torokina Airfield , Bougainville",Rabaul,24-02-1944,NA,NIL,-4.2047,152.504208, Duke of York Islands
Crash,F4U-1D Corsair ,NZ5402 Code 02,New Zealand,F/Sgt Ronald C. Warren,Jacquinot Bay Airfield,Rabaul,21-06-1945,7:45 AM,Crashed into tree,-4.21245,152.413217,Crashed into the jungle roughly 150' to 200' from the shore of Ulu Island
Crash,JM-1 Marauder,66617,USA, Lt(jg) Robert Lee Auer,Pityilu Airfield,NA,29-12-1944,NA,Engine Failure,-1.864116,147.229817, Seven miles off Pityilu Airfield on Pityilu Island.
Crash,Consolidated B-24 Liberator," B-24D-150-CO ""Droopsnoot"" 42-41246  ",USA,"2nd Lt. Will S. Finks, Jr",Momote Airfield on Los Negros," Eten Island (Target D-11) in 
Truk Lagoon",17-06-1944,NA,Low Fuel,-1.528148,145.031487,Crashed into a hillside in New Guinea to the south of Wewak 
Crash,P-38J-15-LO Lightning , 42-103987  ,USA,Lt. Col. Thomas J. Lynch,Nadzab Airfield ,Tadji Airfield,08-03-1944,NA,Anti Aircraft Fire,-3.158924,142.346219,One mile south-southwest of Aitape
Crash,P-40N-5-CU Warhawk,42-105738,USA,Captain Russell C. Cash,Gusap Airfield, Tadji Airfield,22-03-1944,NA,Anti Aircraft Fire,-3.164402,142.362733,Crashed inland from Aitape
Crash,Curtiss P-40  Kittyhawk,P-40N-5-CU Kittyhawk A29-527  ,USA,F/O Desmond Haight Harrison, Tadji Airfield, Tadji Airfield,15-11-1945,NA,"Collision with friendly
aircraft",-3.191712,142.447944, Two miles northeast of Tadji Airfield
Crash,Douglas A-20 Havoc,A-20G-15-DO Havoc 42-54157  ,USA,2nd Lt. Raymond H. Brock,Gusap Airfield , Dobodura,20-03-1944,NA,Lost Control,-8.46,148.22,"Into a sago swamp roughly two miles inland from Cape Ward Hunt
 between the Mambare River and Gira River at approximately Lat 8.46 Long 148.22."
Crash,DAP Beaufort,DAP Beaufort Mark VIII A9-627 Code QH-H,Australia,FLTLT Edward Manton Christensen,Tadji Airfield,"Amuli Nanu East 
(Amuli village)",23-01-1945,9:34 AM,"Collision with friendly
aircraft",-3.55,142.7167,Crashed near Yaurang 